pasta,arquivo,hinario,numero,titulo,letra,status,observacao
Cantor Cristao NOVO/1 a 50,36 O Amor de Jesus.pptx,CC,36,O amor de Jesus,"OH! MARAVILHA DO AMOR DE JESUS,
DESSE ADMIRÁVEL AMOR SEM IGUAL!
CRISTO PENOU E MORREU NUMA CRUZ,
PARA SALVAR-ME DA MORTE ETERNAL.

  Cristo, meu Mestre
  Veio por mim, veio por mim, veio por mim;
  Cristo, meu Mestre,
  Veio por mim, veio pra me salvar.

OH! DUVIDAR PODEREI EU JAMAIS
DESSE INSONDÁVEL AMOR DE JESUS!
ELE ME VEIO TRAZER SUA PAZ,
DANDO-ME ENTRADA NO REINO DE LUZ.

  Cristo, meu Mestre
  Veio por mim, veio por mim, veio por mim;
  Cristo, meu Mestre,
  Veio por mim, veio pra me salvar.",OK,
Cantor Cristao NOVO/201 a 250,230 Deus Chamando.pptx,CC,230,Deus Chamando,"DEUS SEMPRE INSISTE EM
ME CHAMAR,
E EU INDA ESTOU A
DEMORAR;
O AVISO DEVO EU ATENDER
E PARA O SALVADOR
CORRER.

  Ei-lo a convidar-me!
  Ele quer salvar-me!
  E, com persistência, Deus
  Me chama sempre;
  Com ternura chama,
  Com amor me chama,
  O Senhor insiste sempre em
  Me chamar.",OK,
Voz de Melodia,04. A DEUS DEMOS GLÓRIA.pptx,VM,4,A Deus demos glória,"A Deus demos glória,
com grande fervor
Seu Filho bendito
por nós todos deu;
A graça concede
ao mais vil pecador,
Abrindo-lhe a porta
de entrada no céu.

  Exultai! Exultai!
  Vinde todos louvar
  A Jesus, Salvador,
  A Jesus, Redentor.
  A Deus demos glória,
  porquanto do céu
  Seu Filho bendito
  por nós todos deu.",OK,
